,"1,5-Anhydrosorbitol (mM)",2-Aminobutyric acid (mM),2-Hydroxybutyric acid (mM),2-Oxoglutaric acid (mM),3-Hydroxybutyric acid (mM),3-Hydroxyisobutyric acid (mM),Acetic acid (mM),Acetoacetic acid (mM),Acetone (mM),Alanine (mM),Arginine (mM),Asparagine (mM),Aspartate (mM),Choline (mM),Betaine (mM),Citric acid (mM),Creatine (mM),Creatinine (mM),Cystine (mM),D-Galactose (mM),Dimethylamine (mM),Dimethylsulfone (mM),Ethanol (mM),Formic acid (mM),Glucose (mM),Glutamic acid (mM),Glutamine (mM),Glycerol (mM),Glycine (mM),Histidine (mM),Isoleucine (mM),Lactic acid (mM),Leucine (mM),Lysine (mM),Methanol (mM),Methionine (mM),Myo-inositol (mM),"N,N-Dimethylglycine (mM)",Ornithine (mM),Phenylalanine (mM),Proline (mM),Pyruvic acid (mM),Sarcosine (mM),Serine (mM),Succinic acid (mM),Threonine (mM),Trimethylamine-N-oxide (mM),Tyrosine (mM),Valine (mM),HDL cholesterol (mg/dl),LDL cholesterol (mg/dl),Triglycerides (mg/dl),Albumin (g/dl),Urea (mg/dl),Urate (mg/dl),Calcium (mg/dl),C reactive protein (mg/dl),Glyc A (mM),SPC (mM),Transferrin (mg/dl),Iron (µg/dl),Apolipoprotein B (mg/ml),Lipoprotein(a) (mg/dl),Erythrocyte sedimentation rate (mm/h),Bilirubin (mg/dl),Estimated Glomerular Filtration Rate (ml/min/1.73m²),Leukocytes (G/l),Erythrocytes (T/l),Platelets (G/l),GlycB to GlycA ratio (unitless),Non-albumin protein (g/dl),Urea to creatinine ratio (unitless),BCAA to AAA (Phe+Tyr) ratio (unitless),Lactate to pyruvate ratio (unitless),Glutamine to glutamate ratio (unitless)
"1,5-Anhydrosorbitol (mM)",1.000000,0.035919,-0.115915,0.057811,-0.045748,0.030723,0.001336,-0.065438,-0.036040,0.004898,0.068096,0.145151,0.096923,0.109900,0.060232,-0.081994,-0.143691,0.208038,0.089117,-0.011158,-0.036045,-0.031755,-0.101717,-0.083469,-0.064026,0.042132,0.356889,-0.061936,0.025353,0.252876,0.190032,0.063503,0.216476,0.110008,-0.072463,0.122822,0.028739,0.043580,0.118207,0.021531,0.137264,-0.190943,0.049999,0.171487,0.026176,0.067783,0.027932,0.094545,0.182547,-0.040950,-0.029287,-0.061597,0.226451,-0.084019,0.168240,0.177082,-0.080585,-0.014064,-0.061743,-0.021008,0.118582,-0.132246,-0.037437,-0.237552,0.022041,-0.041248,0.013383,0.237245,-0.037018,0.087462,-0.027187,-0.240355,0.112206,0.215873,0.065845
2-Aminobutyric acid (mM),0.035919,1.000000,0.421499,-0.016924,0.268243,0.427047,0.042501,0.269080,0.220210,0.087117,0.027046,0.060603,0.019601,0.111732,0.083191,0.097842,0.125673,0.124984,0.067293,0.001216,0.060541,-0.010851,0.019116,0.028454,0.153551,0.082199,0.142429,0.075633,-0.058018,0.068649,0.356069,0.023182,0.356930,0.231555,0.037678,0.151620,0.082974,0.029520,0.137010,0.041443,0.032630,-0.013405,0.054582,0.153985,0.006299,0.106797,0.094541,0.093214,0.387565,-0.033415,0.087881,-0.005330,0.116787,0.137221,0.196943,0.150967,0.003027,0.039361,-0.044473,-0.037009,0.088415,0.030198,0.008758,-0.055145,0.084740,-0.038428,-0.061638,0.130424,-0.059165,-0.111268,-0.109445,0.016152,0.276917,0.039708,-0.011580
2-Hydroxybutyric acid (mM),-0.115915,0.421499,1.000000,0.014071,0.456134,0.451271,0.095081,0.466032,0.439478,0.110383,-0.020065,-0.096429,-0.007228,0.113097,0.063902,0.262729,0.136400,0.088454,0.010655,0.025998,0.112229,-0.003138,0.100257,0.105422,0.269364,0.135475,-0.113552,0.203168,-0.224337,-0.071428,0.271308,0.157752,0.259031,0.067445,0.108317,-0.001821,0.129255,0.024325,-0.006668,0.071599,0.018998,0.207737,0.071519,-0.105940,-0.045757,-0.073052,0.074171,0.011372,0.261765,-0.167200,-0.017738,0.465361,0.011847,0.186385,0.274436,0.133386,0.192469,0.182912,-0.101605,0.049853,0.066684,0.154473,0.044082,0.168401,0.110414,-0.026792,0.176056,0.099721,-0.047494,-0.107759,-0.080825,0.078638,0.204730,-0.087689,-0.116674
2-Oxoglutaric acid (mM),0.057811,-0.016924,0.014071,1.000000,0.055511,0.033657,0.008575,0.065600,0.024366,0.063846,0.069515,0.091685,0.111632,0.135783,-0.060391,0.051560,0.054807,0.083221,0.067332,0.013048,0.043213,0.005688,-0.048167,0.047530,0.078850,0.032153,0.074529,0.071919,0.051866,0.099259,0.050722,0.091800,0.056034,0.054496,-0.004628,0.008487,0.067767,0.014536,0.018470,0.073820,0.054977,0.027261,-0.017383,0.129800,0.054286,0.058164,0.051669,0.063974,0.060605,-0.006752,-0.102633,-0.064001,0.003543,-0.010620,-0.010441,0.011004,0.135519,0.248846,0.016796,0.042522,-0.102326,-0.170363,-0.018984,0.154509,-0.120047,-0.070329,0.122581,-0.080638,0.054542,0.143542,0.002765,-0.087258,-0.027521,0.015478,0.004159
3-Hydroxybutyric acid (mM),-0.045748,0.268243,0.456134,0.055511,1.000000,0.260706,0.111420,0.939251,0.793381,-0.196785,-0.041219,-0.051239,-0.026804,0.018448,0.066885,0.234980,0.000973,0.060799,-0.014950,0.011740,0.063228,0.005785,0.029235,0.064869,0.052867,-0.029670,-0.016215,0.204872,-0.087827,-0.030295,0.083462,-0.039117,0.081816,-0.052057,0.042053,-0.084771,0.051556,0.008695,-0.063514,-0.019650,-0.094551,-0.008091,-0.063213,0.029883,-0.002620,-0.095511,0.025604,-0.183081,0.053330,0.050337,-0.073623,-0.047696,-0.009367,0.069128,0.108953,0.023654,0.168658,0.010522,0.000621,-0.044444,-0.048759,-0.020920,0.040426,0.096113,0.112413,-0.034725,0.033286,-0.018730,-0.007629,-0.007031,-0.045068,0.004073,0.188722,0.005773,0.030125
3-Hydroxyisobutyric acid (mM),0.030723,0.427047,0.451271,0.033657,0.260706,1.000000,0.043573,0.248531,0.191772,0.192130,0.046663,0.050092,0.025786,0.185953,0.027343,0.174787,0.168297,0.216360,0.042171,0.021890,0.082854,-0.013281,0.001731,0.066622,0.208730,0.104590,-0.001878,0.153415,-0.174721,0.072989,0.400975,0.201707,0.433851,0.235150,0.018233,0.224655,0.155234,0.037085,0.105843,0.109261,0.158211,0.077709,0.096433,0.031846,0.007455,0.088385,0.121365,0.241856,0.518348,-0.091755,0.019879,0.082338,0.185973,0.282601,0.235825,0.208902,0.002168,0.110129,-0.027791,0.027212,0.093972,-0.035851,-0.009483,-0.040131,0.067314,-0.104445,0.094723,0.169231,-0.048881,-0.007837,-0.082253,0.052113,0.242967,0.018729,-0.090566
Acetic acid (mM),0.001336,0.042501,0.095081,0.008575,0.111420,0.043573,1.000000,0.118059,0.110466,-0.099411,0.007817,0.009849,-0.019047,0.018490,0.031744,0.057126,-0.000388,0.046805,-0.020313,0.011106,0.061010,0.003391,0.271566,0.092133,0.002109,0.044246,0.067084,0.012626,0.000388,-0.011893,0.054793,-0.005671,0.038960,-0.009985,0.115779,-0.030071,0.058685,0.004544,0.018204,-0.019843,-0.006683,-0.025061,0.029805,-0.011773,-0.007462,-0.060379,0.037463,-0.044747,0.014723,0.044036,0.005044,-0.002562,0.016057,0.004800,0.033559,0.072814,-0.002499,-0.041833,0.043373,-0.073897,0.024914,0.016823,0.044282,0.019583,0.025748,0.021427,-0.088972,-0.028968,-0.092679,-0.033186,-0.028273,-0.036983,0.069230,0.037894,-0.006810
Acetoacetic acid (mM),-0.065438,0.269080,0.466032,0.065600,0.939251,0.248531,0.118059,1.000000,0.837997,-0.178395,-0.029998,-0.073860,-0.043157,0.041321,0.084819,0.208870,0.053855,0.087612,-0.022546,0.022536,0.087267,0.009916,0.065057,0.123120,0.114407,-0.013242,-0.017578,0.182577,-0.114307,-0.052102,0.124539,-0.055378,0.114701,-0.018546,0.079757,-0.076935,0.085401,0.015507,-0.039942,0.000279,-0.066245,0.023903,-0.041174,-0.017815,-0.010433,-0.112324,0.036005,-0.129997,0.090463,-0.005680,-0.060242,-0.002945,-0.044879,0.141283,0.161091,0.035345,0.251917,0.059599,-0.030250,-0.050714,-0.052176,0.013525,0.075730,0.170622,0.110807,-0.044592,0.087191,-0.004733,-0.026475,-0.033416,-0.073994,0.039168,0.180435,-0.009897,0.019889
Acetone (mM),-0.036040,0.220210,0.439478,0.024366,0.793381,0.191772,0.110466,0.837997,1.000000,-0.106354,-0.032511,-0.043478,-0.008362,0.047134,0.085075,0.154515,0.002570,0.108707,-0.032887,0.029142,0.104969,0.007088,0.036283,0.082058,0.058823,0.066782,-0.021977,0.101803,-0.096378,-0.041089,0.157689,0.032839,0.154224,-0.002950,0.040873,-0.049734,0.080466,0.015377,0.015145,0.005805,-0.031547,0.032626,0.002408,-0.017535,0.015819,-0.093081,0.039726,-0.095294,0.109614,-0.062032,-0.060925,0.156810,0.001361,0.099002,0.178955,0.042109,0.199722,0.029499,-0.074828,-0.033590,-0.010629,0.029805,0.050591,0.080207,0.095741,-0.052873,0.070684,0.064958,-0.036036,-0.057940,-0.066112,-0.014527,0.185906,0.002387,-0.049302
Alanine (mM),0.004898,0.087117,0.110383,0.063846,-0.196785,0.192130,-0.099411,-0.178395,-0.106354,1.000000,0.176470,0.220475,0.116960,0.394461,-0.005739,0.125476,0.115999,0.139194,0.138811,0.028120,0.044652,0.007422,-0.015500,0.084443,0.318131,0.285821,0.153386,0.094975,0.170068,0.165728,0.365655,0.528292,0.384972,0.356895,0.041511,0.299177,0.210951,0.030937,0.290564,0.187833,0.471059,0.365798,0.207036,0.104236,0.151658,0.230964,0.052713,0.540786,0.385524,-0.167202,0.087777,0.246429,0.155318,-0.021760,0.156831,0.244806,-0.027281,0.259404,-0.044423,0.176948,0.026857,-0.024761,0.005276,0.007713,-0.133917,-0.128900,0.179437,0.106525,0.087097,-0.064354,-0.115899,-0.120371,-0.066747,-0.131667,-0.175730
Arginine (mM),0.068096,0.027046,-0.020065,0.069515,-0.041219,0.046663,0.007817,-0.029998,-0.032511,0.176470,1.000000,0.121768,0.031491,0.145167,-0.021203,0.020464,0.066649,0.118634,0.066622,0.018988,0.020684,-0.000784,-0.025650,0.034954,0.088344,0.028193,0.136995,-0.019075,0.086547,0.092811,0.161169,0.078097,0.175647,0.231114,-0.003568,0.117028,0.074189,0.030934,0.086104,0.081751,0.130459,0.003512,0.031071,0.100063,0.036780,0.105014,0.054388,0.200375,0.164808,-0.033973,0.022154,0.015042,0.077263,-0.000192,0.024645,0.083474,-0.002423,0.097378,-0.012960,0.008350,0.012020,-0.083130,0.035337,-0.000104,-0.079673,-0.035058,0.062065,0.017904,0.026754,0.005848,-0.068864,-0.095563,-0.012134,0.039126,0.027963
Asparagine (mM),0.145151,0.060603,-0.096429,0.091685,-0.051239,0.050092,0.009849,-0.073860,-0.043478,0.220475,0.121768,1.000000,0.099488,0.177137,-0.043663,-0.022329,-0.006730,0.144517,0.110761,0.003044,0.005000,0.002476,-0.166171,-0.012512,-0.033155,0.132570,0.279070,-0.066307,0.219046,0.302913,0.207924,0.206927,0.246224,0.256925,-0.035851,0.259707,0.050381,0.014143,0.236966,0.075469,0.190487,-0.073235,0.008075,0.304326,0.106114,0.303925,0.061335,0.215809,0.196107,0.072239,-0.098384,-0.134436,0.113274,-0.112642,0.022080,0.038270,-0.099787,-0.047843,0.048792,0.016921,-0.015422,-0.250273,-0.047689,-0.155598,-0.127832,-0.101727,-0.076245,0.034296,0.005832,0.107968,0.014770,-0.208044,0.027602,0.095522,-0.020222
Aspartate (mM),0.096923,0.019601,-0.007228,0.111632,-0.026804,0.025786,-0.019047,-0.043157,-0.008362,0.116960,0.031491,0.099488,1.000000,0.093597,-0.014198,-0.011153,0.063306,0.003204,0.030143,0.009409,0.007012,0.006054,-0.075036,-0.043464,0.040529,0.384466,0.114993,0.054905,0.091416,0.181626,0.079976,0.251490,0.119755,0.062925,-0.039216,0.041471,0.033145,0.032154,0.155114,0.145239,0.028968,0.088045,0.003137,0.251964,0.094295,0.087543,-0.013273,0.073700,0.097904,-0.010303,0.004616,0.003099,0.004828,-0.022330,0.021002,0.018455,0.064796,0.215878,-0.005851,0.057048,-0.022953,-0.044685,-0.007612,0.085746,-0.092383,-0.038159,0.158995,0.032080,0.141439,0.023932,0.059928,-0.020706,-0.036903,-0.044505,-0.261515
Choline (mM),0.109900,0.111732,0.113097,0.135783,0.018448,0.185953,0.018490,0.041321,0.047134,0.394461,0.145167,0.177137,0.093597,1.000000,0.042735,0.029805,0.115331,0.350523,0.159984,0.037249,0.120523,0.010703,-0.070645,0.062458,0.207210,0.235568,0.098067,0.058895,0.039582,0.183557,0.319754,0.385192,0.394244,0.223724,0.044219,0.116274,0.305388,0.030252,0.238540,0.125321,0.263068,0.067819,0.171138,0.026258,0.129952,0.054044,0.169537,0.322560,0.366883,0.030799,0.105667,0.129364,0.262746,0.077963,0.253350,0.305020,-0.035175,0.201550,0.166762,0.189289,0.050933,-0.146828,0.012106,-0.082494,-0.189847,-0.230334,0.104954,0.134464,0.019906,0.004368,-0.221299,-0.227037,0.076003,0.090946,-0.166291
Betaine (mM),0.060232,0.083191,0.063902,-0.060391,0.066885,0.027343,0.031744,0.084819,0.085075,-0.005739,-0.021203,-0.043663,-0.014198,0.042735,1.000000,0.040808,-0.136308,0.064301,-0.013449,0.009341,0.083958,0.008141,0.089641,0.079487,0.173201,0.056381,0.084477,-0.029091,-0.095648,-0.064326,0.072577,-0.045598,0.040297,0.008937,0.033758,0.092283,0.115188,0.149395,0.091867,0.018681,0.064551,0.005545,0.062518,-0.063826,0.011648,-0.033658,-0.054063,0.008890,0.018747,-0.065170,0.015258,0.055810,-0.050996,0.125620,0.093331,0.063350,0.030956,0.006920,-0.077665,-0.129256,0.094077,0.161193,0.030043,0.018065,0.154771,-0.009340,0.003704,0.126816,-0.103560,-0.169474,-0.126165,0.039587,0.020128,-0.004001,-0.003582
Citric acid (mM),-0.081994,0.097842,0.262729,0.051560,0.234980,0.174787,0.057126,0.208870,0.154515,0.125476,0.020464,-0.022329,-0.011153,0.029805,0.040808,1.000000,-0.060711,0.092302,-0.106054,0.009139,0.082415,0.018612,0.184000,0.194549,0.179920,0.031140,0.097566,0.235094,0.059039,0.007298,-0.006013,0.136467,-0.040632,0.189272,0.102379,-0.093909,0.154382,0.000013,0.193192,0.057361,0.005485,0.243876,-0.037684,0.142800,0.095944,-0.075681,0.025858,-0.007970,-0.039002,0.031730,0.011962,0.049920,-0.094853,0.043381,-0.069235,0.020541,0.037171,-0.116099,-0.034005,0.098011,0.000101,0.054179,0.093879,0.144929,0.242185,0.018973,-0.115973,-0.052428,-0.237992,0.077983,-0.093688,-0.046283,-0.059125,-0.184527,0.040824
Creatine (mM),-0.143691,0.125673,0.136400,0.054807,0.000973,0.168297,-0.000388,0.053855,0.002570,0.115999,0.066649,-0.006730,0.063306,0.115331,-0.136308,-0.060711,1.000000,-0.163434,0.054239,0.004675,0.055505,-0.002032,0.042742,0.060462,0.130200,0.103146,-0.071766,0.145791,0.131801,0.025955,0.008527,0.067062,0.022490,0.216672,0.040051,0.064170,0.087599,-0.000565,0.078312,0.089101,-0.019860,0.162128,0.039933,0.099327,0.046001,0.160293,0.082830,0.150899,0.115996,0.024843,0.081925,0.053658,-0.095804,0.244627,-0.015614,-0.003589,0.094019,0.220482,0.113436,0.084162,-0.056524,0.070999,0.049413,0.229835,-0.093752,0.059921,0.130954,-0.177585,0.118261,0.039762,-0.076259,0.342963,-0.074368,-0.134355,-0.091865
Creatinine (mM),0.208038,0.124984,0.088454,0.083221,0.060799,0.216360,0.046805,0.087612,0.108707,0.139194,0.118634,0.144517,0.003204,0.350523,0.064301,0.092302,-0.163434,1.000000,0.079886,0.018915,0.283571,-0.005533,-0.063819,0.102984,0.126681,0.107256,0.204511,-0.089731,0.017804,0.143232,0.401709,0.178829,0.418267,0.231385,0.032165,0.144661,0.397289,0.077892,0.202234,0.093302,0.256736,-0.121307,0.120879,-0.026966,0.076229,-0.009804,0.195989,0.168787,0.363318,-0.193977,-0.029769,0.085323,0.150705,0.354922,0.406063,0.157273,0.052306,0.064222,-0.193228,-0.034424,0.057576,-0.156306,0.009560,-0.052460,-0.024737,-0.564166,0.066509,0.329727,-0.213884,-0.081967,-0.086182,-0.577170,0.208650,0.215903,-0.024375
Cystine (mM),0.089117,0.067293,0.010655,0.067332,-0.014950,0.042171,-0.020313,-0.022546,-0.032887,0.138811,0.066622,0.110761,0.030143,0.159984,-0.013449,-0.106054,0.054239,0.079886,1.000000,0.006450,0.103303,0.020342,-0.229708,-0.114684,0.132033,0.026928,0.261990,0.079555,0.043125,0.289745,0.095836,0.013053,0.105030,0.122326,0.012150,0.069058,0.133959,0.007718,0.068737,0.034306,0.084419,-0.166748,0.031879,0.094952,0.081028,0.101596,0.064320,0.131894,0.116440,-0.042403,-0.046756,-0.073130,-0.046191,0.068555,0.347734,-0.141022,-0.027956,0.073618,-0.024144,-0.098065,-0.125742,-0.171007,-0.085300,0.007816,-0.286087,-0.463182,0.002193,0.000590,0.070422,-0.034219,0.058577,-0.012255,0.009484,0.141040,0.068419
D-Galactose (mM),-0.011158,0.001216,0.025998,0.013048,0.011740,0.021890,0.011106,0.022536,0.029142,0.028120,0.018988,0.003044,0.009409,0.037249,0.009341,0.009139,0.004675,0.018915,0.006450,1.000000,0.022042,-0.001468,0.005787,0.039724,0.073333,0.013837,-0.014016,0.018466,-0.008741,-0.013718,0.010025,0.024394,0.012947,-0.001923,0.009800,0.000041,0.049116,0.004014,-0.011323,0.015959,0.001294,0.040611,0.016714,-0.018344,0.026704,-0.016972,-0.002595,0.016632,0.012432,-0.005610,-0.005522,0.020330,-0.001040,0.019141,0.028938,0.024712,0.019250,0.031448,0.006982,0.019520,-0.018000,-0.010338,0.003976,0.021865,-0.007442,-0.029999,0.009603,-0.006990,-0.007733,0.016876,0.015346,0.002410,-0.003520,-0.008800,-0.001155
Dimethylamine (mM),-0.036045,0.060541,0.112229,0.043213,0.063228,0.082854,0.061010,0.087267,0.104969,0.044652,0.020684,0.005000,0.007012,0.120523,0.083958,0.082415,0.055505,0.283571,0.103303,0.022042,1.000000,0.030784,0.019421,0.095178,0.178869,0.063778,0.073249,0.040759,-0.006773,0.027277,0.076609,0.012692,0.059422,0.087416,0.050477,0.026660,0.299378,0.038188,0.073034,0.050125,0.054326,0.031893,0.032464,-0.026118,0.061413,-0.011550,0.506041,0.030140,0.065511,-0.055306,-0.017033,0.078520,-0.096343,0.334891,0.192817,-0.032800,0.096070,0.076378,-0.056006,-0.040479,-0.029248,0.034764,0.007782,0.159072,-0.009305,-0.261015,0.009250,-0.001495,-0.085481,-0.074894,-0.030903,0.014055,0.022196,0.005027,-0.014722
Dimethylsulfone (mM),-0.031755,-0.010851,-0.003138,0.005688,0.005785,-0.013281,0.003391,0.009916,0.007088,0.007422,-0.000784,0.002476,0.006054,0.010703,0.008141,0.018612,-0.002032,-0.005533,0.020342,-0.001468,0.030784,1.000000,0.001132,0.017768,0.008716,0.008409,0.010071,0.013661,0.016298,-0.003517,-0.025582,-0.009146,-0.020595,0.001719,0.004869,-0.011005,0.021184,-0.001252,0.006576,-0.009342,-0.010562,0.030570,-0.010774,-0.001307,0.030733,-0.001820,-0.002655,-0.009480,-0.020615,0.017190,-0.002918,-0.007470,-0.006369,0.028553,-0.009632,-0.016699,0.003378,0.004279,0.009025,-0.020000,-0.004725,0.008330,0.000433,0.029310,-0.003834,-0.014123,-0.029562,-0.030254,0.016445,-0.002235,-0.013643,0.028393,-0.009663,-0.012180,-0.000142
Ethanol (mM),-0.101717,0.019116,0.100257,-0.048167,0.029235,0.001731,0.271566,0.065057,0.036283,-0.015500,-0.025650,-0.166171,-0.075036,-0.070645,0.089641,0.184000,0.042742,-0.063819,-0.229708,0.005787,0.019421,0.001132,1.000000,0.201071,0.120373,-0.059388,-0.064446,0.053773,-0.078393,-0.209683,-0.038216,-0.116030,-0.081539,-0.020375,0.156015,-0.058214,0.024187,-0.006380,-0.037524,-0.016212,-0.025115,0.176001,0.032096,-0.124490,-0.084986,-0.075208,-0.044602,-0.016717,-0.066193,-0.025300,0.121392,0.157504,-0.001910,0.090343,-0.131263,0.251423,0.100600,0.033684,0.011474,0.064656,0.143042,0.314317,0.074027,0.235537,0.254385,0.217224,-0.036699,-0.095513,-0.115860,-0.081061,-0.158377,0.135095,-0.041649,-0.151112,0.047784
Formic acid (mM),-0.083469,0.028454,0.105422,0.047530,0.064869,0.066622,0.092133,0.123120,0.082058,0.084443,0.034954,-0.012512,-0.043464,0.062458,0.079487,0.194549,0.060462,0.102984,-0.114684,0.039724,0.095178,0.017768,0.201071,1.000000,0.207895,0.068769,-0.003339,0.045319,-0.054532,-0.068446,0.086714,0.047848,0.039539,0.109490,0.227413,-0.002677,0.188850,0.026046,0.098721,0.036839,0.084365,0.197603,0.009477,0.024189,0.019984,-0.035356,0.064029,0.087025,0.045465,-0.074534,-0.005923,0.085967,-0.022645,0.151608,0.022448,0.150148,0.090606,0.053796,-0.033496,0.030906,-0.047041,0.041383,0.079379,0.228109,-0.006142,0.034568,0.044592,-0.137505,-0.116684,-0.004263,-0.038385,0.038245,-0.019208,-0.134435,-0.014801
Glucose (mM),-0.064026,0.153551,0.269364,0.078850,0.052867,0.208730,0.002109,0.114407,0.058823,0.318131,0.088344,-0.033155,0.040529,0.207210,0.173201,0.179920,0.130200,0.126681,0.132033,0.073333,0.178869,0.008716,0.120373,0.207895,1.000000,0.095750,0.185920,0.178406,-0.056166,0.085587,0.224592,0.085574,0.171196,0.184196,0.156825,0.048874,0.342838,0.022557,0.069982,0.097473,0.187765,0.196463,0.092131,0.033568,0.028436,0.024504,0.036076,0.206689,0.223839,-0.154296,0.046266,0.209900,0.017817,0.209370,0.122840,0.195139,0.111244,0.252668,-0.043704,0.072321,-0.044714,0.080989,0.027401,0.217157,-0.013160,-0.122902,0.104318,-0.016333,-0.061499,-0.056963,-0.172164,0.068791,0.020590,-0.067173,0.020316
Glutamic acid (mM),0.042132,0.082199,0.135475,0.032153,-0.029670,0.104590,0.044246,-0.013242,0.066782,0.285821,0.028193,0.132570,0.384466,0.235568,0.056381,0.031140,0.103146,0.107256,0.026928,0.013837,0.063778,0.008409,-0.059388,0.068769,0.095750,1.000000,0.011648,0.041618,0.063315,0.160362,0.275912,0.557660,0.337002,0.204031,-0.002987,0.144573,0.192857,0.042788,0.410004,0.241839,0.149221,0.314256,0.099866,0.186117,0.171005,0.082828,0.027991,0.243311,0.254227,-0.178661,0.036653,0.192065,0.007786,0.074732,0.221930,0.070664,0.047443,0.220366,-0.134752,0.051497,0.018485,0.028084,-0.009850,0.080127,-0.092930,-0.141594,0.256114,0.171930,0.105796,-0.100361,0.089355,-0.022158,-0.023551,-0.158827,-0.747504
Glutamine (mM),0.356889,0.142429,-0.113552,0.074529,-0.016215,-0.001878,0.067084,-0.017578,-0.021977,0.153386,0.136995,0.279070,0.114993,0.098067,0.084477,0.097566,-0.071766,0.204511,0.261990,-0.014016,0.073249,0.010071,-0.064446,-0.003339,0.185920,0.011648,1.000000,0.032579,0.208296,0.484205,0.236061,0.005719,0.208192,0.372373,0.020762,0.202440,0.093171,0.036752,0.287963,0.072447,0.224138,-0.220725,0.022332,0.415514,0.106718,0.231780,0.049067,0.203048,0.198260,-0.008577,-0.025696,-0.126795,0.083491,-0.041174,0.067789,0.086967,-0.078460,-0.054672,-0.046296,-0.106141,0.031424,-0.170643,-0.016743,-0.122709,-0.029425,-0.157138,-0.119735,0.111853,-0.092064,0.019426,-0.082242,-0.186003,0.033941,0.237054,0.338396
Glycerol (mM),-0.061936,0.075633,0.203168,0.071919,0.204872,0.153415,0.012626,0.182577,0.101803,0.094975,-0.019075,-0.066307,0.054905,0.058895,-0.029091,0.235094,0.145791,-0.089731,0.079555,0.018466,0.040759,0.013661,0.053773,0.045319,0.178406,0.041618,0.032579,1.000000,-0.007038,0.040714,-0.100745,0.093566,-0.107473,-0.003007,0.037477,-0.050867,0.086135,-0.003066,-0.021092,0.050252,-0.064255,0.230449,-0.012333,0.062290,0.202121,-0.000947,-0.020278,0.005153,-0.071327,0.100592,-0.002734,0.055440,-0.028359,0.019076,0.034178,0.056455,0.055099,0.155988,0.140723,0.046149,0.021366,0.032674,0.004600,0.191043,0.083087,-0.084162,0.071122,-0.184910,0.077484,0.059985,-0.018400,0.102530,-0.108612,-0.161157,0.003358
Glycine (mM),0.025353,-0.058018,-0.224337,0.051866,-0.087827,-0.174721,0.000388,-0.114307,-0.096378,0.170068,0.086547,0.219046,0.091416,0.039582,-0.095648,0.059039,0.131801,0.017804,0.043125,-0.008741,-0.006773,0.016298,-0.078393,-0.054532,-0.056166,0.063315,0.208296,-0.007038,1.000000,0.101950,-0.065967,0.120993,-0.046779,0.147928,-0.050485,0.105942,0.046343,-0.017327,0.218067,0.041036,0.112891,0.015510,-0.035415,0.450900,0.164183,0.208254,0.020940,0.066749,-0.074172,0.159130,-0.045870,-0.188344,0.001564,-0.131356,-0.208251,-0.036263,-0.087759,-0.039509,0.107482,-0.003396,-0.057112,-0.172290,-0.004294,-0.004865,-0.099771,-0.158924,-0.155831,-0.205612,0.031161,0.113846,-0.042920,-0.118125,-0.124937,-0.038378,0.027495
Histidine (mM),0.252876,0.068649,-0.071428,0.099259,-0.030295,0.072989,-0.011893,-0.052102,-0.041089,0.165728,0.092811,0.302913,0.181626,0.183557,-0.064326,0.007298,0.025955,0.143232,0.289745,-0.013718,0.027277,-0.003517,-0.209683,-0.068446,0.085587,0.160362,0.484205,0.040714,0.101950,1.000000,0.191094,0.164604,0.220179,0.281692,-0.005565,0.164974,0.024510,0.016116,0.204325,0.116720,0.143531,-0.121761,0.012555,0.347041,0.109681,0.235805,0.040747,0.198398,0.211555,0.038454,-0.112628,-0.145840,0.018355,-0.085432,0.108422,-0.075597,-0.080079,-0.049509,0.001142,-0.005773,-0.020016,-0.287011,-0.077179,-0.113327,-0.195613,-0.212851,-0.031355,-0.001626,0.041272,0.137324,0.098023,-0.176194,0.010568,0.140324,0.036592
Isoleucine (mM),0.190032,0.356069,0.271308,0.050722,0.083462,0.400975,0.054793,0.124539,0.157689,0.365655,0.161169,0.207924,0.079976,0.319754,0.072577,-0.006013,0.008527,0.401709,0.095836,0.010025,0.076609,-0.025582,-0.038216,0.086714,0.224592,0.275912,0.236061,-0.100745,-0.065967,0.191094,1.000000,0.320170,0.895120,0.452315,0.039292,0.378163,0.176724,0.064825,0.379946,0.178514,0.426501,-0.060292,0.219968,0.070846,0.030944,0.166326,0.136160,0.480803,0.834671,-0.365610,-0.004677,0.241144,0.222710,0.138252,0.383330,0.255198,-0.004374,0.128646,-0.232568,0.021144,0.011803,-0.100657,-0.018160,-0.166382,-0.103215,-0.186812,0.213256,0.399040,-0.096470,-0.057095,-0.125770,-0.215326,0.426049,0.204426,-0.153381
Lactic acid (mM),0.063503,0.023182,0.157752,0.091800,-0.039117,0.201707,-0.005671,-0.055378,0.032839,0.528292,0.078097,0.206927,0.251490,0.385192,-0.045598,0.136467,0.067062,0.178829,0.013053,0.024394,0.012692,-0.009146,-0.116030,0.047848,0.085574,0.557660,0.005719,0.093566,0.120993,0.164604,0.320170,1.000000,0.395283,0.256627,-0.039659,0.157043,0.195935,0.027862,0.405919,0.197142,0.271257,0.451422,0.129571,0.142628,0.284594,0.073895,0.054723,0.315718,0.311845,-0.132874,-0.009562,0.137853,0.179785,-0.061932,0.175628,0.176434,-0.002813,0.206907,-0.086903,0.156684,0.030303,-0.163253,-0.013041,-0.052718,-0.090070,-0.126036,0.372402,0.273776,0.112066,0.032641,0.004888,-0.197017,0.013904,-0.087682,-0.459685
Leucine (mM),0.216476,0.356930,0.259031,0.056034,0.081816,0.433851,0.038960,0.114701,0.154224,0.384972,0.175647,0.246224,0.119755,0.394244,0.040297,-0.040632,0.022490,0.418267,0.105030,0.012947,0.059422,-0.020595,-0.081539,0.039539,0.171196,0.337002,0.208192,-0.107473,-0.046779,0.220179,0.895120,0.395283,1.000000,0.496077,0.020072,0.381425,0.177173,0.064597,0.392529,0.215469,0.413207,-0.085414,0.227242,0.091053,0.073906,0.130056,0.149488,0.503743,0.888708,-0.315720,0.020902,0.185594,0.298087,0.120895,0.404164,0.295076,-0.017916,0.145818,-0.227393,0.004414,0.134111,-0.137184,-0.020620,-0.209287,-0.076385,-0.193825,0.196965,0.442064,-0.086625,-0.066636,-0.110813,-0.243806,0.426999,0.231369,-0.221961
Lysine (mM),0.110008,0.231555,0.067445,0.054496,-0.052057,0.235150,-0.009985,-0.018546,-0.002950,0.356895,0.231114,0.256925,0.062925,0.223724,0.008937,0.189272,0.216672,0.231385,0.122326,-0.001923,0.087416,0.001719,-0.020375,0.109490,0.184196,0.204031,0.372373,-0.003007,0.147928,0.281692,0.452315,0.256627,0.496077,1.000000,0.042389,0.336117,0.165194,0.047828,0.548351,0.166870,0.274528,-0.006614,0.127111,0.270063,0.120391,0.237565,0.144503,0.476998,0.495544,-0.156971,-0.024827,0.037777,0.085196,0.125369,0.150322,0.110751,-0.046399,-0.050686,-0.162893,-0.095767,0.135136,-0.151491,-0.038528,-0.077179,0.012671,-0.097662,-0.043236,0.162834,-0.180903,-0.030006,-0.142044,-0.079586,0.074839,0.097304,-0.016619
Methanol (mM),-0.072463,0.037678,0.108317,-0.004628,0.042053,0.018233,0.115779,0.079757,0.040873,0.041511,-0.003568,-0.035851,-0.039216,0.044219,0.033758,0.102379,0.040051,0.032165,0.012150,0.009800,0.050477,0.004869,0.156015,0.227413,0.156825,-0.002987,0.020762,0.037477,-0.050485,-0.005565,0.039292,-0.039659,0.020072,0.042389,1.000000,-0.031057,0.081486,0.011989,-0.016503,0.008735,0.025219,0.079826,0.029120,-0.048441,-0.018294,-0.036431,0.033894,0.009624,0.026115,-0.015070,-0.030037,0.041270,-0.005850,0.073592,0.199100,0.138222,0.025692,0.005496,-0.023846,-0.035697,0.020215,0.104636,-0.002992,0.180240,-0.061160,0.036364,-0.039754,-0.119805,-0.031202,-0.266475,0.062385,0.038723,0.016444,-0.068386,0.022511
Methionine (mM),0.122822,0.151620,-0.001821,0.008487,-0.084771,0.224655,-0.030071,-0.076935,-0.049734,0.299177,0.117028,0.259707,0.041471,0.116274,0.092283,-0.093909,0.064170,0.144661,0.069058,0.000041,0.026660,-0.011005,-0.058214,-0.002677,0.048874,0.144573,0.202440,-0.050867,0.105942,0.164974,0.378163,0.157043,0.381425,0.336117,-0.031057,1.000000,0.056516,0.043471,0.243400,0.145730,0.242433,-0.022936,0.309526,0.178073,0.081408,0.325610,0.092170,0.407270,0.345799,-0.062436,-0.015270,0.017760,0.082387,0.045385,0.093224,0.122621,-0.041219,-0.001155,-0.009322,0.024261,0.118560,-0.056094,-0.042249,-0.135228,-0.004319,-0.053058,0.032564,0.151841,0.012274,0.003930,-0.040872,-0.082828,0.015130,0.060023,-0.054356
Myo-inositol (mM),0.028739,0.082974,0.129255,0.067767,0.051556,0.155234,0.058685,0.085401,0.080466,0.210951,0.074189,0.050381,0.033145,0.305388,0.115188,0.154382,0.087599,0.397289,0.133959,0.049116,0.299378,0.021184,0.024187,0.188850,0.342838,0.192857,0.093171,0.086135,0.046343,0.024510,0.176724,0.195935,0.177173,0.165194,0.081486,0.056516,1.000000,0.057502,0.200031,0.117991,0.166280,0.140219,0.066613,-0.028075,0.129455,-0.038906,0.136344,0.162333,0.157626,-0.068494,0.020639,0.093282,0.006525,0.420030,0.244559,0.133331,0.117555,0.187334,-0.017419,-0.000115,-0.041273,-0.017582,0.044077,0.201890,-0.038671,-0.378140,0.063464,0.041927,-0.093089,-0.082366,-0.075321,-0.026023,-0.001683,-0.030484,-0.101374
"N,N-Dimethylglycine (mM)",0.043580,0.029520,0.024325,0.014536,0.008695,0.037085,0.004544,0.015507,0.015377,0.030937,0.030934,0.014143,0.032154,0.030252,0.149395,0.000013,-0.000565,0.077892,0.007718,0.004014,0.038188,-0.001252,-0.006380,0.026046,0.022557,0.042788,0.036752,-0.003066,-0.017327,0.016116,0.064825,0.027862,0.064597,0.047828,0.011989,0.043471,0.057502,1.000000,0.046481,0.028180,0.048013,-0.001483,0.027522,-0.005072,-0.004956,0.009143,0.027105,0.048048,0.053400,-0.048454,-0.014209,0.021927,-0.011054,0.074376,0.059084,-0.001454,0.081402,0.044661,-0.041087,-0.015077,0.006976,-0.005757,-0.015435,0.064721,-0.018405,-0.037937,0.059600,0.046036,-0.005035,-0.011787,-0.000325,-0.012127,0.013860,0.016172,-0.017796
Ornithine (mM),0.118207,0.137010,-0.006668,0.018470,-0.063514,0.105843,0.018204,-0.039942,0.015145,0.290564,0.086104,0.236966,0.155114,0.238540,0.091867,0.193192,0.078312,0.202234,0.068737,-0.011323,0.073034,0.006576,-0.037524,0.098721,0.069982,0.410004,0.287963,-0.021092,0.218067,0.204325,0.379946,0.405919,0.392529,0.548351,-0.016503,0.243400,0.200031,0.046481,1.000000,0.177881,0.266697,0.077133,0.096043,0.276927,0.163961,0.210663,0.103139,0.381440,0.354127,-0.129567,0.030873,0.059826,0.019713,0.117663,0.140787,0.051924,-0.030054,-0.037453,-0.119286,-0.066862,0.001204,-0.078357,-0.003341,-0.068336,-0.010269,-0.144472,0.049899,0.185127,-0.169040,-0.022380,-0.130460,-0.069604,0.017843,0.011542,-0.231484
Phenylalanine (mM),0.021531,0.041443,0.071599,0.073820,-0.019650,0.109261,-0.019843,0.000279,0.005805,0.187833,0.081751,0.075469,0.145239,0.125321,0.018681,0.057361,0.089101,0.093302,0.034306,0.015959,0.050125,-0.009342,-0.016212,0.036839,0.097473,0.241839,0.072447,0.050252,0.041036,0.116720,0.178514,0.197142,0.215469,0.166870,0.008735,0.145730,0.117991,0.028180,0.177881,1.000000,0.117467,0.095550,0.067226,0.089783,0.085276,0.061077,0.028923,0.253732,0.183119,-0.083053,0.033201,0.075767,-0.044783,0.093450,0.080838,0.008400,0.100203,0.166170,-0.046740,0.041434,-0.012148,0.010777,0.022354,0.118662,-0.025826,-0.084620,0.175912,0.051477,0.021749,-0.007234,-0.019276,-0.004727,-0.592671,-0.043820,-0.164573
Proline (mM),0.137264,0.032630,0.018998,0.054977,-0.094551,0.158211,-0.006683,-0.066245,-0.031547,0.471059,0.130459,0.190487,0.028968,0.263068,0.064551,0.005485,-0.019860,0.256736,0.084419,0.001294,0.054326,-0.010562,-0.025115,0.084365,0.187765,0.149221,0.224138,-0.064255,0.112891,0.143531,0.426501,0.271257,0.413207,0.274528,0.025219,0.242433,0.166280,0.048013,0.266697,0.117467,1.000000,0.061304,0.166031,0.080221,0.050461,0.197792,0.071469,0.401926,0.396118,-0.208998,-0.034372,0.149620,0.166104,0.056853,0.168209,0.211559,-0.054436,0.102872,-0.108795,0.036722,-0.046077,-0.117307,0.006102,-0.093148,-0.140870,-0.150006,0.148701,0.182083,0.007161,0.037832,-0.117384,-0.160164,0.079262,0.063363,-0.050048
Pyruvic acid (mM),-0.190943,-0.013405,0.207737,0.027261,-0.008091,0.077709,-0.025061,0.023903,0.032626,0.365798,0.003512,-0.073235,0.088045,0.067819,0.005545,0.243876,0.162128,-0.121307,-0.166748,0.040611,0.031893,0.030570,0.176001,0.197603,0.196463,0.314256,-0.220725,0.230449,0.015510,-0.121761,-0.060292,0.451422,-0.085414,-0.006614,0.079826,-0.022936,0.140219,-0.001483,0.077133,0.095550,0.061304,1.000000,0.025893,-0.037229,0.129588,0.006112,-0.030878,0.081049,-0.078967,-0.035001,0.052588,0.218661,-0.104842,0.074343,-0.062214,0.085269,0.137013,0.242175,0.030382,0.125809,-0.040951,0.182567,0.091799,0.323528,0.075169,0.086243,0.286360,-0.183880,0.168707,-0.060726,-0.025610,0.169095,-0.170053,-0.648297,-0.303410
Sarcosine (mM),0.049999,0.054582,0.071519,-0.017383,-0.063213,0.096433,0.029805,-0.041174,0.002408,0.207036,0.031071,0.008075,0.003137,0.171138,0.062518,-0.037684,0.039933,0.120879,0.031879,0.016714,0.032464,-0.010774,0.032096,0.009477,0.092131,0.099866,0.022332,-0.012333,-0.035415,0.012555,0.219968,0.129571,0.227242,0.127111,0.029120,0.309526,0.066613,0.027522,0.096043,0.067226,0.166031,0.025893,1.000000,-0.073879,-0.006446,0.011094,0.042052,0.198049,0.209682,-0.186462,0.086371,0.244691,0.088832,0.050177,0.147548,0.138701,-0.011552,0.095274,-0.079857,0.044484,0.114304,0.078797,-0.003810,-0.045566,-0.007925,-0.058280,0.139049,0.167095,-0.018363,-0.095454,-0.071987,-0.060514,0.048012,0.043009,-0.079649
Serine (mM),0.171487,0.153985,-0.105940,0.129800,0.029883,0.031846,-0.011773,-0.017815,-0.017535,0.104236,0.100063,0.304326,0.251964,0.026258,-0.063826,0.142800,0.099327,-0.026966,0.094952,-0.018344,-0.026118,-0.001307,-0.124490,0.024189,0.033568,0.186117,0.415514,0.062290,0.450900,0.347041,0.070846,0.142628,0.091053,0.270063,-0.048441,0.178073,-0.028075,-0.005072,0.276927,0.089783,0.080221,-0.037229,-0.073879,1.000000,0.158960,0.323486,0.017593,0.108906,0.099802,0.141673,-0.077368,-0.234633,0.064209,-0.172083,-0.152943,-0.000385,-0.069604,-0.037471,0.060565,-0.007338,-0.025419,-0.231162,-0.019125,-0.065785,-0.044412,0.033793,-0.118843,-0.129932,0.050676,0.211414,-0.019553,-0.116101,-0.031218,0.021147,-0.003143
Succinic acid (mM),0.026176,0.006299,-0.045757,0.054286,-0.002620,0.007455,-0.007462,-0.010433,0.015819,0.151658,0.036780,0.106114,0.094295,0.129952,0.011648,0.095944,0.046001,0.076229,0.081028,0.026704,0.061413,0.030733,-0.084986,0.019984,0.028436,0.171005,0.106718,0.202121,0.164183,0.109681,0.030944,0.284594,0.073906,0.120391,-0.018294,0.081408,0.129455,-0.004956,0.163961,0.085276,0.050461,0.129588,-0.006446,0.158960,1.000000,0.040518,0.038022,0.104580,0.052617,0.120295,-0.042830,-0.083997,0.010334,0.007343,0.082554,0.020399,-0.004523,0.065163,0.101496,-0.010099,-0.033738,-0.138843,-0.022948,0.036879,-0.057000,-0.190525,0.005999,-0.013941,0.044953,0.083674,0.038593,-0.055152,-0.060202,-0.052821,-0.092099
Threonine (mM),0.067783,0.106797,-0.073052,0.058164,-0.095511,0.088385,-0.060379,-0.112324,-0.093081,0.230964,0.105014,0.303925,0.087543,0.054044,-0.033658,-0.075681,0.160293,-0.009804,0.101596,-0.016972,-0.011550,-0.001820,-0.075208,-0.035356,0.024504,0.082828,0.231780,-0.000947,0.208254,0.235805,0.166326,0.073895,0.130056,0.237565,-0.036431,0.325610,-0.038906,0.009143,0.210663,0.061077,0.197792,0.006112,0.011094,0.323486,0.040518,1.000000,0.026104,0.213184,0.177920,0.036786,-0.082328,-0.013882,0.010880,-0.040174,-0.049847,0.031218,-0.081831,0.007322,0.114208,0.063663,-0.017258,-0.097538,-0.032613,-0.071221,-0.127858,-0.027837,-0.032326,-0.061093,0.093942,0.119232,-0.035298,-0.012056,-0.007009,-0.007314,0.013165
Trimethylamine-N-oxide (mM),0.027932,0.094541,0.074171,0.051669,0.025604,0.121365,0.037463,0.036005,0.039726,0.052713,0.054388,0.061335,-0.013273,0.169537,-0.054063,0.025858,0.082830,0.195989,0.064320,-0.002595,0.506041,-0.002655,-0.044602,0.064029,0.036076,0.027991,0.049067,-0.020278,0.020940,0.040747,0.136160,0.054723,0.149488,0.144503,0.033894,0.092170,0.136344,0.027105,0.103139,0.028923,0.071469,-0.030878,0.042052,0.017593,0.038022,0.026104,1.000000,0.090679,0.174473,-0.019666,-0.023961,0.018531,0.039981,0.149120,0.141053,0.012406,0.002286,0.019717,-0.033862,-0.011253,0.001865,-0.071039,0.014483,-0.007565,-0.095151,-0.084762,-0.015684,0.021303,-0.054826,0.018931,-0.023621,-0.042515,0.084471,0.057428,-0.001059
Tyrosine (mM),0.094545,0.093214,0.011372,0.063974,-0.183081,0.241856,-0.044747,-0.129997,-0.095294,0.540786,0.200375,0.215809,0.073700,0.322560,0.008890,-0.007970,0.150899,0.168787,0.131894,0.016632,0.030140,-0.009480,-0.016717,0.087025,0.206689,0.243311,0.203048,0.005153,0.066749,0.198398,0.480803,0.315718,0.503743,0.476998,0.009624,0.407270,0.162333,0.048048,0.381440,0.253732,0.401926,0.081049,0.198049,0.108906,0.104580,0.213184,0.090679,1.000000,0.488374,-0.166447,0.081728,0.167160,0.110606,0.073231,0.157709,0.167157,-0.016062,0.163913,-0.032887,0.074233,0.069142,-0.071960,0.025049,-0.036805,-0.110458,-0.056360,0.128552,0.147873,-0.025002,0.005532,-0.109410,-0.071020,-0.263432,0.043631,-0.131029
Valine (mM),0.182547,0.387565,0.261765,0.060605,0.053330,0.518348,0.014723,0.090463,0.109614,0.385524,0.164808,0.196107,0.097904,0.366883,0.018747,-0.039002,0.115996,0.363318,0.116440,0.012432,0.065511,-0.020615,-0.066193,0.045465,0.223839,0.254227,0.198260,-0.071327,-0.074172,0.211555,0.834671,0.311845,0.888708,0.495544,0.026115,0.345799,0.157626,0.053400,0.354127,0.183119,0.396118,-0.078967,0.209682,0.099802,0.052617,0.177920,0.174473,0.488374,1.000000,-0.279783,0.041628,0.171905,0.302364,0.199148,0.363383,0.302472,-0.048835,0.148146,-0.164112,0.012469,0.106076,-0.125065,-0.016420,-0.182047,-0.115559,-0.169089,0.150937,0.365887,-0.092212,-0.020470,-0.137431,-0.127989,0.475507,0.210924,-0.158908
HDL cholesterol (mg/dl),-0.040950,-0.033415,-0.167200,-0.006752,0.050337,-0.091755,0.044036,-0.005680,-0.062032,-0.167202,-0.033973,0.072239,-0.010303,0.030799,-0.065170,0.031730,0.024843,-0.193977,-0.042403,-0.005610,-0.055306,0.017190,-0.025300,-0.074534,-0.154296,-0.178661,-0.008577,0.100592,0.159130,0.038454,-0.365610,-0.132874,-0.315720,-0.156971,-0.015070,-0.062436,-0.068494,-0.048454,-0.129567,-0.083053,-0.208998,-0.035001,-0.186462,0.141673,0.120295,0.036786,-0.019666,-0.166447,-0.279783,1.000000,-0.060280,-0.410067,0.001997,-0.134606,-0.302625,-0.009996,-0.123652,-0.207404,0.823897,0.033439,0.004638,-0.151196,0.038265,-0.047631,0.026341,0.103248,-0.399127,-0.351814,0.017738,0.247990,-0.039123,0.057106,-0.136132,-0.057639,0.139508
LDL cholesterol (mg/dl),-0.029287,0.087881,-0.017738,-0.102633,-0.073623,0.019879,0.005044,-0.060242,-0.060925,0.087777,0.022154,-0.098384,0.004616,0.105667,0.015258,0.011962,0.081925,-0.029769,-0.046756,-0.005522,-0.017033,-0.002918,0.121392,-0.005923,0.046266,0.036653,-0.025696,-0.002734,-0.045870,-0.112628,-0.004677,-0.009562,0.020902,-0.024827,-0.030037,-0.015270,0.020639,-0.014209,0.030873,0.033201,-0.034372,0.052588,0.086371,-0.077368,-0.042830,-0.082328,-0.023961,0.081728,0.041628,-0.060280,1.000000,0.149071,0.090635,0.077403,-0.032145,0.168785,-0.003654,0.129772,0.090126,0.026851,0.126988,0.638909,0.214950,0.040190,0.048782,0.032474,-0.016936,0.172236,0.043834,-0.283552,-0.185451,0.101956,-0.043889,-0.042027,-0.046308
Triglycerides (mg/dl),-0.061597,-0.005330,0.465361,-0.064001,-0.047696,0.082338,-0.002562,-0.002945,0.156810,0.246429,0.015042,-0.134436,0.003099,0.129364,0.055810,0.049920,0.053658,0.085323,-0.073130,0.020330,0.078520,-0.007470,0.157504,0.085967,0.209900,0.192065,-0.126795,0.055440,-0.188344,-0.145840,0.241144,0.137853,0.185594,0.037777,0.041270,0.017760,0.093282,0.021927,0.059826,0.075767,0.149620,0.218661,0.244691,-0.234633,-0.083997,-0.013882,0.018531,0.167160,0.171905,-0.410067,0.149071,1.000000,0.067790,0.117091,0.173084,0.229036,0.096228,0.244169,-0.140806,0.163429,0.119022,0.396925,0.068176,0.072044,0.053445,0.063496,0.314213,0.190815,-0.026224,-0.181551,-0.179309,0.021498,0.033966,-0.087281,-0.187250
Albumin (g/dl),0.226451,0.116787,0.011847,0.003543,-0.009367,0.185973,0.016057,-0.044879,0.001361,0.155318,0.077263,0.113274,0.004828,0.262746,-0.050996,-0.094853,-0.095804,0.150705,-0.046191,-0.001040,-0.096343,-0.006369,-0.001910,-0.022645,0.017817,0.007786,0.083491,-0.028359,0.001564,0.018355,0.222710,0.179785,0.298087,0.085196,-0.005850,0.082387,0.006525,-0.011054,0.019713,-0.044783,0.166104,-0.104842,0.088832,0.064209,0.010334,0.010880,0.039981,0.110606,0.302364,0.001997,0.090635,0.067790,1.000000,-0.175388,0.064386,0.668403,-0.308844,0.094286,0.063791,0.267468,0.240415,-0.178382,-0.010686,-0.471238,0.071432,0.139281,-0.051751,0.305439,0.000580,0.043296,-0.334523,-0.265348,0.227014,0.166159,-0.016129
Urea (mg/dl),-0.084019,0.137221,0.186385,-0.010620,0.069128,0.282601,0.004800,0.141283,0.099002,-0.021760,-0.000192,-0.112642,-0.022330,0.077963,0.125620,0.043381,0.244627,0.354922,0.068555,0.019141,0.334891,0.028553,0.090343,0.151608,0.209370,0.074732,-0.041174,0.019076,-0.131356,-0.085432,0.138252,-0.061932,0.120895,0.125369,0.073592,0.045385,0.420030,0.074376,0.117663,0.093450,0.056853,0.074343,0.050177,-0.172083,0.007343,-0.040174,0.149120,0.073231,0.199148,-0.134606,0.077403,0.117091,-0.175388,1.000000,0.240658,-0.004378,0.197382,0.142632,-0.074760,-0.153354,0.006942,0.193409,0.077374,0.327703,0.054592,-0.352884,0.091981,0.053204,-0.151312,-0.166946,-0.061984,0.471002,0.067547,-0.051695,-0.053345
Urate (mg/dl),0.168240,0.196943,0.274436,-0.010441,0.108953,0.235825,0.033559,0.161091,0.178955,0.156831,0.024645,0.022080,0.021002,0.253350,0.093331,-0.069235,-0.015614,0.406063,0.347734,0.028938,0.192817,-0.009632,-0.131263,0.022448,0.122840,0.221930,0.067789,0.034178,-0.208251,0.108422,0.383330,0.175628,0.404164,0.150322,0.199100,0.093224,0.244559,0.059084,0.140787,0.080838,0.168209,-0.062214,0.147548,-0.152943,0.082554,-0.049847,0.141053,0.157709,0.363383,-0.302625,-0.032145,0.173084,0.064386,0.240658,1.000000,0.061256,0.051929,0.121632,-0.276478,-0.060358,0.020590,-0.033073,-0.056449,-0.018303,-0.143747,-0.521088,0.196246,0.285905,-0.048217,-0.153786,0.088424,-0.151683,0.215922,0.133277,-0.163713
Calcium (mg/dl),0.177082,0.150967,0.133386,0.011004,0.023654,0.208902,0.072814,0.035345,0.042109,0.244806,0.083474,0.038270,0.018455,0.305020,0.063350,0.020541,-0.003589,0.157273,-0.141022,0.024712,-0.032800,-0.016699,0.251423,0.150148,0.195139,0.070664,0.086967,0.056455,-0.036263,-0.075597,0.255198,0.176434,0.295076,0.110751,0.138222,0.122621,0.133331,-0.001454,0.051924,0.008400,0.211559,0.085269,0.138701,-0.000385,0.020399,0.031218,0.012406,0.167157,0.302472,-0.009996,0.168785,0.229036,0.668403,-0.004378,0.061256,1.000000,-0.155290,0.272912,0.157750,0.220293,0.281191,0.115385,0.073658,-0.213057,0.213793,0.157604,0.006856,0.277703,-0.061790,-0.047117,-0.265814,-0.121222,0.169327,0.036896,-0.029714
C reactive protein (mg/dl),-0.080585,0.003027,0.192469,0.135519,0.168658,0.002168,-0.002499,0.251917,0.199722,-0.027281,-0.002423,-0.099787,0.064796,-0.035175,0.030956,0.037171,0.094019,0.052306,-0.027956,0.019250,0.096070,0.003378,0.100600,0.090606,0.111244,0.047443,-0.078460,0.055099,-0.087759,-0.080079,-0.004374,-0.002813,-0.017916,-0.046399,0.025692,-0.041219,0.117555,0.081402,-0.030054,0.100203,-0.054436,0.137013,-0.011552,-0.069604,-0.004523,-0.081831,0.002286,-0.016062,-0.048835,-0.123652,-0.003654,0.096228,-0.308844,0.197382,0.051929,-0.155290,1.000000,0.338673,-0.106454,-0.098201,-0.112369,0.129446,0.036744,0.543307,0.023310,-0.109780,0.238005,-0.075437,0.029403,-0.053784,0.055340,0.098011,-0.071089,-0.097489,-0.042972
Glyc A (mM),-0.014064,0.039361,0.182912,0.248846,0.010522,0.110129,-0.041833,0.059599,0.029499,0.259404,0.097378,-0.047843,0.215878,0.201550,0.006920,-0.116099,0.220482,0.064222,0.073618,0.031448,0.076378,0.004279,0.033684,0.053796,0.252668,0.220366,-0.054672,0.155988,-0.039509,-0.049509,0.128646,0.206907,0.145818,-0.050686,0.005496,-0.001155,0.187334,0.044661,-0.037453,0.166170,0.102872,0.242175,0.095274,-0.037471,0.065163,0.007322,0.019717,0.163913,0.148146,-0.207404,0.129772,0.244169,0.094286,0.142632,0.121632,0.272912,0.338673,1.000000,-0.046076,0.152862,-0.084242,0.126529,0.102091,0.444069,-0.201828,-0.100003,0.505456,0.039643,0.311330,-0.110531,0.006201,0.065207,-0.057145,-0.127325,-0.183447
SPC (mM),-0.061743,-0.044473,-0.101605,0.016796,0.000621,-0.027791,0.043373,-0.030250,-0.074828,-0.044423,-0.012960,0.048792,-0.005851,0.166762,-0.077665,-0.034005,0.113436,-0.193228,-0.024144,0.006982,-0.056006,0.009025,0.011474,-0.033496,-0.043704,-0.134752,-0.046296,0.140723,0.107482,0.001142,-0.232568,-0.086903,-0.227393,-0.162893,-0.023846,-0.009322,-0.017419,-0.041087,-0.119286,-0.046740,-0.108795,0.030382,-0.079857,0.060565,0.101496,0.114208,-0.033862,-0.032887,-0.164112,0.823897,0.090126,-0.140806,0.063791,-0.074760,-0.276478,0.157750,-0.106454,-0.046076,1.000000,0.098548,-0.005149,-0.024048,0.014579,-0.029726,-0.046471,0.115957,-0.226482,-0.335480,0.057545,0.176590,-0.157508,0.107735,-0.129752,-0.073006,0.089030
Transferrin (mg/dl),-0.021008,-0.037009,0.049853,0.042522,-0.044444,0.027212,-0.073897,-0.050714,-0.033590,0.176948,0.008350,0.016921,0.057048,0.189289,-0.129256,0.098011,0.084162,-0.034424,-0.098065,0.019520,-0.040479,-0.020000,0.064656,0.030906,0.072321,0.051497,-0.106141,0.046149,-0.003396,-0.005773,0.021144,0.156684,0.004414,-0.095767,-0.035697,0.024261,-0.000115,-0.015077,-0.066862,0.041434,0.036722,0.125809,0.044484,-0.007338,-0.010099,0.063663,-0.011253,0.074233,0.012469,0.033439,0.026851,0.163429,0.267468,-0.153354,-0.060358,0.220293,-0.098201,0.152862,0.098548,1.000000,-0.169645,-0.015976,-0.038878,-0.049421,-0.033204,0.147274,0.085922,-0.040167,0.149702,0.172901,-0.069297,-0.096120,-0.062047,-0.065598,-0.089319
Iron (µg/dl),0.118582,0.088415,0.066684,-0.102326,-0.048759,0.093972,0.024914,-0.052176,-0.010629,0.026857,0.012020,-0.015422,-0.022953,0.050933,0.094077,0.000101,-0.056524,0.057576,-0.125742,-0.018000,-0.029248,-0.004725,0.143042,-0.047041,-0.044714,0.018485,0.031424,0.021366,-0.057112,-0.020016,0.011803,0.030303,0.134111,0.135136,0.020215,0.118560,-0.041273,0.006976,0.001204,-0.012148,-0.046077,-0.040951,0.114304,-0.025419,-0.033738,-0.017258,0.001865,0.069142,0.106076,0.004638,0.126988,0.119022,0.240415,0.006942,0.020590,0.281191,-0.112369,-0.084242,-0.005149,-0.169645,1.000000,0.118169,0.071803,-0.239637,0.428997,0.143982,-0.101580,0.272431,-0.147192,-0.164290,-0.147372,-0.046894,0.060566,0.064278,-0.022524
Apolipoprotein B (mg/ml),-0.132246,0.030198,0.154473,-0.170363,-0.020920,-0.035851,0.016823,0.013525,0.029805,-0.024761,-0.083130,-0.250273,-0.044685,-0.146828,0.161193,0.054179,0.070999,-0.156306,-0.171007,-0.010338,0.034764,0.008330,0.314317,0.041383,0.080989,0.028084,-0.170643,0.032674,-0.172290,-0.287011,-0.100657,-0.163253,-0.137184,-0.151491,0.104636,-0.056094,-0.017582,-0.005757,-0.078357,0.010777,-0.117307,0.182567,0.078797,-0.231162,-0.138843,-0.097538,-0.071039,-0.071960,-0.125065,-0.151196,0.638909,0.396925,-0.178382,0.193409,-0.033073,0.115385,0.129446,0.126529,-0.024048,-0.015976,0.118169,1.000000,0.160573,0.197200,0.235848,0.147365,0.048050,0.120260,-0.006127,-0.366225,-0.119632,0.295624,-0.079420,-0.189189,-0.063716
Lipoprotein(a) (mg/dl),-0.037437,0.008758,0.044082,-0.018984,0.040426,-0.009483,0.044282,0.075730,0.050591,0.005276,0.035337,-0.047689,-0.007612,0.012106,0.030043,0.093879,0.049413,0.009560,-0.085300,0.003976,0.007782,0.000433,0.074027,0.079379,0.027401,-0.009850,-0.016743,0.004600,-0.004294,-0.077179,-0.018160,-0.013041,-0.020620,-0.038528,-0.002992,-0.042249,0.044077,-0.015435,-0.003341,0.022354,0.006102,0.091799,-0.003810,-0.019125,-0.022948,-0.032613,0.014483,0.025049,-0.016420,0.038265,0.214950,0.068176,-0.010686,0.077374,-0.056449,0.073658,0.036744,0.102091,0.014579,-0.038878,0.071803,0.160573,1.000000,0.095419,0.041706,0.067023,0.014263,0.002049,-0.018678,-0.078461,-0.088015,0.059239,-0.043301,-0.071140,0.016256
Erythrocyte sedimentation rate (mm/h),-0.237552,-0.055145,0.168401,0.154509,0.096113,-0.040131,0.019583,0.170622,0.080207,0.007713,-0.000104,-0.155598,0.085746,-0.082494,0.018065,0.144929,0.229835,-0.052460,0.007816,0.021865,0.159072,0.029310,0.235537,0.228109,0.217157,0.080127,-0.122709,0.191043,-0.004865,-0.113327,-0.166382,-0.052718,-0.209287,-0.077179,0.180240,-0.135228,0.201890,0.064721,-0.068336,0.118662,-0.093148,0.323528,-0.045566,-0.065785,0.036879,-0.071221,-0.007565,-0.036805,-0.182047,-0.047631,0.040190,0.072044,-0.471238,0.327703,-0.018303,-0.213057,0.543307,0.444069,-0.029726,-0.049421,-0.239637,0.197200,0.095419,1.000000,-0.157066,-0.142668,0.225252,-0.453396,0.137315,-0.047426,0.209196,0.305181,-0.213818,-0.274884,-0.052924
Bilirubin (mg/dl),0.022041,0.084740,0.110414,-0.120047,0.112413,0.067314,0.025748,0.110807,0.095741,-0.133917,-0.079673,-0.127832,-0.092383,-0.189847,0.154771,0.242185,-0.093752,-0.024737,-0.286087,-0.007442,-0.009305,-0.003834,0.254385,-0.006142,-0.013160,-0.092930,-0.029425,0.083087,-0.099771,-0.195613,-0.103215,-0.090070,-0.076385,0.012671,-0.061160,-0.004319,-0.038671,-0.018405,-0.010269,-0.025826,-0.140870,0.075169,-0.007925,-0.044412,-0.057000,-0.127858,-0.095151,-0.110458,-0.115559,0.026341,0.048782,0.053445,0.071432,0.054592,-0.143747,0.213793,0.023310,-0.201828,-0.046471,-0.033204,0.428997,0.235848,0.041706,-0.157066,1.000000,0.267606,-0.138409,0.318969,-0.304737,-0.124240,-0.255364,0.049096,-0.010736,-0.058996,0.075533
Estimated Glomerular Filtration Rate (ml/min/1.73m²),-0.041248,-0.038428,-0.026792,-0.070329,-0.034725,-0.104445,0.021427,-0.044592,-0.052873,-0.128900,-0.035058,-0.101727,-0.038159,-0.230334,-0.009340,0.018973,0.059921,-0.564166,-0.463182,-0.029999,-0.261015,-0.014123,0.217224,0.034568,-0.122902,-0.141594,-0.157138,-0.084162,-0.158924,-0.212851,-0.186812,-0.126036,-0.193825,-0.097662,0.036364,-0.053058,-0.378140,-0.037937,-0.144472,-0.084620,-0.150006,0.086243,-0.058280,0.033793,-0.190525,-0.027837,-0.084762,-0.056360,-0.169089,0.103248,0.032474,0.063496,0.139281,-0.352884,-0.521088,0.157604,-0.109780,-0.100003,0.115957,0.147274,0.143982,0.147365,0.067023,-0.142668,0.267606,1.000000,-0.054755,-0.082540,0.041284,0.064679,-0.135206,0.199244,-0.088545,-0.117190,0.054916
Leukocytes (G/l),0.013383,-0.061638,0.176056,0.122581,0.033286,0.094723,-0.088972,0.087191,0.070684,0.179437,0.062065,-0.076245,0.158995,0.104954,0.003704,-0.115973,0.130954,0.066509,0.002193,0.009603,0.009250,-0.029562,-0.036699,0.044592,0.104318,0.256114,-0.119735,0.071122,-0.155831,-0.031355,0.213256,0.372402,0.196965,-0.043236,-0.039754,0.032564,0.063464,0.059600,0.049899,0.175912,0.148701,0.286360,0.139049,-0.118843,0.005999,-0.032326,-0.015684,0.128552,0.150937,-0.399127,-0.016936,0.314213,-0.051751,0.091981,0.196246,0.006856,0.238005,0.505456,-0.226482,0.085922,-0.101580,0.048050,0.014263,0.225252,-0.138409,-0.054755,1.000000,0.172633,0.384879,-0.048865,0.015648,0.016856,-0.017418,-0.127741,-0.261942
Erythrocytes (T/l),0.237245,0.130424,0.099721,-0.080638,-0.018730,0.169231,-0.028968,-0.004733,0.064958,0.106525,0.017904,0.034296,0.032080,0.134464,0.126816,-0.052428,-0.177585,0.329727,0.000590,-0.006990,-0.001495,-0.030254,-0.095513,-0.137505,-0.016333,0.171930,0.111853,-0.184910,-0.205612,-0.001626,0.399040,0.273776,0.442064,0.162834,-0.119805,0.151841,0.041927,0.046036,0.185127,0.051477,0.182083,-0.183880,0.167095,-0.129932,-0.013941,-0.061093,0.021303,0.147873,0.365887,-0.351814,0.172236,0.190815,0.305439,0.053204,0.285905,0.277703,-0.075437,0.039643,-0.335480,-0.040167,0.272431,0.120260,0.002049,-0.453396,0.318969,-0.082540,0.172633,1.000000,-0.212118,-0.229405,-0.180627,-0.235769,0.249300,0.295252,-0.125236
Platelets (G/l),-0.037018,-0.059165,-0.047494,0.054542,-0.007629,-0.048881,-0.092679,-0.026475,-0.036036,0.087097,0.026754,0.005832,0.141439,0.019906,-0.103560,-0.237992,0.118261,-0.213884,0.070422,-0.007733,-0.085481,0.016445,-0.115860,-0.116684,-0.061499,0.105796,-0.092064,0.077484,0.031161,0.041272,-0.096470,0.112066,-0.086625,-0.180903,-0.031202,0.012274,-0.093089,-0.005035,-0.169040,0.021749,0.007161,0.168707,-0.018363,0.050676,0.044953,0.093942,-0.054826,-0.025002,-0.092212,0.017738,0.043834,-0.026224,0.000580,-0.151312,-0.048217,-0.061790,0.029403,0.311330,0.057545,0.149702,-0.147192,-0.006127,-0.018678,0.137315,-0.304737,0.041284,0.384879,-0.212118,1.000000,0.040367,0.185763,0.074834,-0.090813,-0.183225,-0.146249
GlycB to GlycA ratio (unitless),0.087462,-0.111268,-0.107759,0.143542,-0.007031,-0.007837,-0.033186,-0.033416,-0.057940,-0.064354,0.005848,0.107968,0.023932,0.004368,-0.169474,0.077983,0.039762,-0.081967,-0.034219,0.016876,-0.074894,-0.002235,-0.081061,-0.004263,-0.056963,-0.100361,0.019426,0.059985,0.113846,0.137324,-0.057095,0.032641,-0.066636,-0.030006,-0.266475,0.003930,-0.082366,-0.011787,-0.022380,-0.007234,0.037832,-0.060726,-0.095454,0.211414,0.083674,0.119232,0.018931,0.005532,-0.020470,0.247990,-0.283552,-0.181551,0.043296,-0.166946,-0.153786,-0.047117,-0.053784,-0.110531,0.176590,0.172901,-0.164290,-0.366225,-0.078461,-0.047426,-0.124240,0.064679,-0.048865,-0.229405,0.040367,1.000000,0.120511,-0.069037,-0.037657,0.043678,0.078666
Non-albumin protein (g/dl),-0.027187,-0.109445,-0.080825,0.002765,-0.045068,-0.082253,-0.028273,-0.073994,-0.066112,-0.115899,-0.068864,0.014770,0.059928,-0.221299,-0.126165,-0.093688,-0.076259,-0.086182,0.058577,0.015346,-0.030903,-0.013643,-0.158377,-0.038385,-0.172164,0.089355,-0.082242,-0.018400,-0.042920,0.098023,-0.125770,0.004888,-0.110813,-0.142044,0.062385,-0.040872,-0.075321,-0.000325,-0.130460,-0.019276,-0.117384,-0.025610,-0.071987,-0.019553,0.038593,-0.035298,-0.023621,-0.109410,-0.137431,-0.039123,-0.185451,-0.179309,-0.334523,-0.061984,0.088424,-0.265814,0.055340,0.006201,-0.157508,-0.069297,-0.147372,-0.119632,-0.088015,0.209196,-0.255364,-0.135206,0.015648,-0.180627,0.185763,0.120511,1.000000,0.020733,-0.043649,-0.038601,-0.093694
Urea to creatinine ratio (unitless),-0.240355,0.016152,0.078638,-0.087258,0.004073,0.052113,-0.036983,0.039168,-0.014527,-0.120371,-0.095563,-0.208044,-0.020706,-0.227037,0.039587,-0.046283,0.342963,-0.577170,-0.012255,0.002410,0.014055,0.028393,0.135095,0.038245,0.068791,-0.022158,-0.186003,0.102530,-0.118125,-0.176194,-0.215326,-0.197017,-0.243806,-0.079586,0.038723,-0.082828,-0.026023,-0.012127,-0.069604,-0.004727,-0.160164,0.169095,-0.060514,-0.116101,-0.055152,-0.012056,-0.042515,-0.071020,-0.127989,0.057106,0.101956,0.021498,-0.265348,0.471002,-0.151683,-0.121222,0.098011,0.065207,0.107735,-0.096120,-0.046894,0.295624,0.059239,0.305181,0.049096,0.199244,0.016856,-0.235769,0.074834,-0.069037,0.020733,1.000000,-0.114923,-0.217018,-0.021283
BCAA to AAA (Phe+Tyr) ratio (unitless),0.112206,0.276917,0.204730,-0.027521,0.188722,0.242967,0.069230,0.180435,0.185906,-0.066747,-0.012134,0.027602,-0.036903,0.076003,0.020128,-0.059125,-0.074368,0.208650,0.009484,-0.003520,0.022196,-0.009663,-0.041649,-0.019208,0.020590,-0.023551,0.033941,-0.108612,-0.124937,0.010568,0.426049,0.013904,0.426999,0.074839,0.016444,0.015130,-0.001683,0.013860,0.017843,-0.592671,0.079262,-0.170053,0.048012,-0.031218,-0.060202,-0.007009,0.084471,-0.263432,0.475507,-0.136132,-0.043889,0.033966,0.227014,0.067547,0.215922,0.169327,-0.071089,-0.057145,-0.129752,-0.062047,0.060566,-0.079420,-0.043301,-0.213818,-0.010736,-0.088545,-0.017418,0.249300,-0.090813,-0.037657,-0.043649,-0.114923,1.000000,0.199361,0.011301
Lactate to pyruvate ratio (unitless),0.215873,0.039708,-0.087689,0.015478,0.005773,0.018729,0.037894,-0.009897,0.002387,-0.131667,0.039126,0.095522,-0.044505,0.090946,-0.004001,-0.184527,-0.134355,0.215903,0.141040,-0.008800,0.005027,-0.012180,-0.151112,-0.134435,-0.067173,-0.158827,0.237054,-0.161157,-0.038378,0.140324,0.204426,-0.087682,0.231369,0.097304,-0.068386,0.060023,-0.030484,0.016172,0.011542,-0.043820,0.063363,-0.648297,0.043009,0.021147,-0.052821,-0.007314,0.057428,0.043631,0.210924,-0.057639,-0.042027,-0.087281,0.166159,-0.051695,0.133277,0.036896,-0.097489,-0.127325,-0.073006,-0.065598,0.064278,-0.189189,-0.071140,-0.274884,-0.058996,-0.117190,-0.127741,0.295252,-0.183225,0.043678,-0.038601,-0.217018,0.199361,1.000000,0.220219
Glutamine to glutamate ratio (unitless),0.065845,-0.011580,-0.116674,0.004159,0.030125,-0.090566,-0.006810,0.019889,-0.049302,-0.175730,0.027963,-0.020222,-0.261515,-0.166291,-0.003582,0.040824,-0.091865,-0.024375,0.068419,-0.001155,-0.014722,-0.000142,0.047784,-0.014801,0.020316,-0.747504,0.338396,0.003358,0.027495,0.036592,-0.153381,-0.459685,-0.221961,-0.016619,0.022511,-0.054356,-0.101374,-0.017796,-0.231484,-0.164573,-0.050048,-0.303410,-0.079649,-0.003143,-0.092099,0.013165,-0.001059,-0.131029,-0.158908,0.139508,-0.046308,-0.187250,-0.016129,-0.053345,-0.163713,-0.029714,-0.042972,-0.183447,0.089030,-0.089319,-0.022524,-0.063716,0.016256,-0.052924,0.075533,0.054916,-0.261942,-0.125236,-0.146249,0.078666,-0.093694,-0.021283,0.011301,0.220219,1.000000
